<?xml version="1.0" encoding="UTF-8"?>
<rss xmlns:dc="http://purl.org/dc/elements/1.1/" version="2.0" xml:base="https://nft.mclaren.com/">
<channel>
<title>How To Watch</title>
<link>https://nft.mclaren.com/</link>
<description/>
<language>en</language>
<item><title/><link>https://opportunity-green-live-kaplan.mkt.kaplan.com/video/aos/video-1-fc-heidenheim-1846-v-vfl-bochum-liv-en-tv-07.html</link><description/></item>
<item><title/><link>https://opportunity-green-live-kaplan.mkt.kaplan.com/video/aos/video-akhmat-grozny-v-fc-baltika-kaliningrad-en-direct-tv-01.html</link><description/></item>
<item><title/><link>https://opportunity-green-live-kaplan.mkt.kaplan.com/video/aos/video-akhmat-grozny-v-fc-baltika-kaliningrad-en-direct-tv-02.html</link><description/></item>
<item><title/><link>https://opportunity-green-live-kaplan.mkt.kaplan.com/video/aos/video-akhmat-grozny-v-fc-baltika-kaliningrad-en-direct-tv-03.html</link><description/></item>
<item><title/><link>https://opportunity-green-live-kaplan.mkt.kaplan.com/video/aos/video-akhmat-grozny-v-fc-baltika-kaliningrad-en-direct-tv-04.html</link><description/></item>
<item><title/><link>https://opportunity-green-live-kaplan.mkt.kaplan.com/video/aos/video-akhmat-grozny-v-fc-baltika-kaliningrad-en-direct-tv-05.html</link><description/></item>
<item><title/><link>https://opportunity-green-live-kaplan.mkt.kaplan.com/video/aos/video-akhmat-grozny-v-fc-baltika-kaliningrad-liv-on-uk-01.html</link><description/></item>
<item><title/><link>https://opportunity-green-live-kaplan.mkt.kaplan.com/video/aos/video-akhmat-grozny-v-fc-baltika-kaliningrad-liv-on-uk-02.html</link><description/></item>
<item><title/><link>https://opportunity-green-live-kaplan.mkt.kaplan.com/video/aos/video-akhmat-grozny-v-fc-baltika-kaliningrad-liv-on-uk-03.html</link><description/></item>
<item><title/><link>https://opportunity-green-live-kaplan.mkt.kaplan.com/video/aos/video-akhmat-grozny-v-fc-baltika-kaliningrad-liv-on-uk-04.html</link><description/></item>
<item><title/><link>https://opportunity-green-live-kaplan.mkt.kaplan.com/video/aos/video-akhmat-grozny-v-fc-baltika-kaliningrad-liv-on-uk-05.html</link><description/></item>
<item><title/><link>https://opportunity-green-live-kaplan.mkt.kaplan.com/video/aos/video-akhmat-grozny-v-fc-baltika-kaliningrad-liv-on-uk-06.html</link><description/></item>
<item><title/><link>https://opportunity-green-live-kaplan.mkt.kaplan.com/video/aos/video-akhmat-grozny-v-fc-baltika-kaliningrad-liv-on-uk-07.html</link><description/></item>
<item><title/><link>https://opportunity-green-live-kaplan.mkt.kaplan.com/video/aos/video-ankaragucu-v-gaziantep-fk-en-direct-tv-01.html</link><description/></item>
<item><title/><link>https://opportunity-green-live-kaplan.mkt.kaplan.com/video/aos/video-ankaragucu-v-gaziantep-fk-en-direct-tv-02.html</link><description/></item>
<item><title/><link>https://opportunity-green-live-kaplan.mkt.kaplan.com/video/aos/video-ankaragucu-v-gaziantep-fk-en-direct-tv-03.html</link><description/></item>
<item><title/><link>https://opportunity-green-live-kaplan.mkt.kaplan.com/video/aos/video-ankaragucu-v-gaziantep-fk-en-direct-tv-04.html</link><description/></item>
<item><title/><link>https://opportunity-green-live-kaplan.mkt.kaplan.com/video/aos/video-ankaragucu-v-gaziantep-fk-en-direct-tv-05.html</link><description/></item>
<item><title/><link>https://opportunity-green-live-kaplan.mkt.kaplan.com/video/aos/video-ankaragucu-v-gaziantep-fk-liv-on-uk-01.html</link><description/></item>
<item><title/><link>https://opportunity-green-live-kaplan.mkt.kaplan.com/video/aos/video-ankaragucu-v-gaziantep-fk-liv-on-uk-02.html</link><description/></item>
<item><title/><link>https://opportunity-green-live-kaplan.mkt.kaplan.com/video/aos/video-ankaragucu-v-gaziantep-fk-liv-on-uk-03.html</link><description/></item>
<item><title/><link>https://opportunity-green-live-kaplan.mkt.kaplan.com/video/aos/video-ankaragucu-v-gaziantep-fk-liv-on-uk-04.html</link><description/></item>
<item><title/><link>https://opportunity-green-live-kaplan.mkt.kaplan.com/video/aos/video-ankaragucu-v-gaziantep-fk-liv-on-uk-05.html</link><description/></item>
<item><title/><link>https://opportunity-green-live-kaplan.mkt.kaplan.com/video/aos/video-ankaragucu-v-gaziantep-fk-liv-on-uk-06.html</link><description/></item>
<item><title/><link>https://opportunity-green-live-kaplan.mkt.kaplan.com/video/aos/video-ankaragucu-v-gaziantep-fk-liv-on-uk-07.html</link><description/></item>
<item><title/><link>https://opportunity-green-live-kaplan.mkt.kaplan.com/video/aos/video-atletico-madrid-v-girona-en-direct-tv-01.html</link><description/></item>
<item><title/><link>https://opportunity-green-live-kaplan.mkt.kaplan.com/video/aos/video-atletico-madrid-v-girona-en-direct-tv-02.html</link><description/></item>
<item><title/><link>https://opportunity-green-live-kaplan.mkt.kaplan.com/video/aos/video-atletico-madrid-v-girona-en-direct-tv-03.html</link><description/></item>
<item><title/><link>https://opportunity-green-live-kaplan.mkt.kaplan.com/video/aos/video-atletico-madrid-v-girona-en-direct-tv-04.html</link><description/></item>
<item><title/><link>https://opportunity-green-live-kaplan.mkt.kaplan.com/video/aos/video-atletico-madrid-v-girona-en-direct-tv-05.html</link><description/></item>
<item><title/><link>https://opportunity-green-live-kaplan.mkt.kaplan.com/video/aos/video-atletico-madrid-v-girona-liv-on-uk-01.html</link><description/></item>
<item><title/><link>https://opportunity-green-live-kaplan.mkt.kaplan.com/video/aos/video-atletico-madrid-v-girona-liv-on-uk-02.html</link><description/></item>
<item><title/><link>https://opportunity-green-live-kaplan.mkt.kaplan.com/video/aos/video-atletico-madrid-v-girona-liv-on-uk-03.html</link><description/></item>
<item><title/><link>https://opportunity-green-live-kaplan.mkt.kaplan.com/video/aos/video-atletico-madrid-v-girona-liv-on-uk-04.html</link><description/></item>
<item><title/><link>https://opportunity-green-live-kaplan.mkt.kaplan.com/video/aos/video-atletico-madrid-v-girona-liv-on-uk-05.html</link><description/></item>
<item><title/><link>https://opportunity-green-live-kaplan.mkt.kaplan.com/video/aos/video-atletico-madrid-v-girona-liv-on-uk-06.html</link><description/></item>
<item><title/><link>https://opportunity-green-live-kaplan.mkt.kaplan.com/video/aos/video-atletico-madrid-v-girona-liv-on-uk-07.html</link><description/></item>
<item><title/><link>https://opportunity-green-live-kaplan.mkt.kaplan.com/video/aos/video-bayern-munich-v-fc-cologne-en-direct-tv-01.html</link><description/></item>
<item><title/><link>https://opportunity-green-live-kaplan.mkt.kaplan.com/video/aos/video-bayern-munich-v-fc-cologne-en-direct-tv-02.html</link><description/></item>
<item><title/><link>https://opportunity-green-live-kaplan.mkt.kaplan.com/video/aos/video-bayern-munich-v-fc-cologne-en-direct-tv-03.html</link><description/></item>
<item><title/><link>https://opportunity-green-live-kaplan.mkt.kaplan.com/video/aos/video-bayern-munich-v-fc-cologne-en-direct-tv-04.html</link><description/></item>
<item><title/><link>https://opportunity-green-live-kaplan.mkt.kaplan.com/video/aos/video-bayern-munich-v-fc-cologne-en-direct-tv-05.html</link><description/></item>
<item><title/><link>https://opportunity-green-live-kaplan.mkt.kaplan.com/video/aos/video-bayern-munich-v-fc-cologne-liv-on-uk-01.html</link><description/></item>
<item><title/><link>https://opportunity-green-live-kaplan.mkt.kaplan.com/video/aos/video-bayern-munich-v-fc-cologne-liv-on-uk-02.html</link><description/></item>
<item><title/><link>https://opportunity-green-live-kaplan.mkt.kaplan.com/video/aos/video-bayern-munich-v-fc-cologne-liv-on-uk-03.html</link><description/></item>
<item><title/><link>https://opportunity-green-live-kaplan.mkt.kaplan.com/video/aos/video-bayern-munich-v-fc-cologne-liv-on-uk-04.html</link><description/></item>
<item><title/><link>https://opportunity-green-live-kaplan.mkt.kaplan.com/video/aos/video-bayern-munich-v-fc-cologne-liv-on-uk-05.html</link><description/></item>
<item><title/><link>https://opportunity-green-live-kaplan.mkt.kaplan.com/video/aos/video-bayern-munich-v-fc-cologne-liv-on-uk-06.html</link><description/></item>
<item><title/><link>https://opportunity-green-live-kaplan.mkt.kaplan.com/video/aos/video-bayern-munich-v-fc-cologne-liv-on-uk-07.html</link><description/></item>
<item><title/><link>https://opportunity-green-live-kaplan.mkt.kaplan.com/video/aos/video-blackburn-rovers-v-leeds-united-liv-en-tv-01.html</link><description/></item>
<item><title/><link>https://opportunity-green-live-kaplan.mkt.kaplan.com/video/aos/video-blackburn-rovers-v-leeds-united-liv-en-tv-02.html</link><description/></item>
<item><title/><link>https://opportunity-green-live-kaplan.mkt.kaplan.com/video/aos/video-blackburn-rovers-v-leeds-united-liv-en-tv-03.html</link><description/></item>
<item><title/><link>https://opportunity-green-live-kaplan.mkt.kaplan.com/video/aos/video-blackburn-rovers-v-leeds-united-liv-en-tv-04.html</link><description/></item>
<item><title/><link>https://opportunity-green-live-kaplan.mkt.kaplan.com/video/aos/video-blackburn-rovers-v-leeds-united-liv-en-tv-05.html</link><description/></item>
<item><title/><link>https://opportunity-green-live-kaplan.mkt.kaplan.com/video/aos/video-blackburn-rovers-v-leeds-united-liv-en-tv-06.html</link><description/></item>
<item><title/><link>https://opportunity-green-live-kaplan.mkt.kaplan.com/video/aos/video-blackburn-rovers-v-leeds-united-liv-en-tv-07.html</link><description/></item>
<item><title/><link>https://opportunity-green-live-kaplan.mkt.kaplan.com/video/aos/video-borussia-dortmund-v-borussia-monchengladbach-liv-en-tv-01.html</link><description/></item>
<item><title/><link>https://opportunity-green-live-kaplan.mkt.kaplan.com/video/aos/video-borussia-dortmund-v-borussia-monchengladbach-liv-en-tv-02.html</link><description/></item>
<item><title/><link>https://opportunity-green-live-kaplan.mkt.kaplan.com/video/aos/video-borussia-dortmund-v-borussia-monchengladbach-liv-en-tv-03.html</link><description/></item>
<item><title/><link>https://opportunity-green-live-kaplan.mkt.kaplan.com/video/aos/video-borussia-dortmund-v-borussia-monchengladbach-liv-en-tv-04.html</link><description/></item>
</channel>
</rss>
